<?xml version="1.0"?>
<projectProfile type="default" version="1.10">
  <projectDirectory>
    <projectProfileFile filesystemName=".zfproject.xml"/>
    <applicationDirectory classNamePrefix="Application_">
      <apisDirectory enabled="false"/>
      <configsDirectory>
        <applicationConfigFile type="ini"/>
      </configsDirectory>
      <controllersDirectory>
        <controllerFile controllerName="Index">
          <actionMethod actionName="index"/>
          <actionMethod actionName="first"/>
        </controllerFile>
        <controllerFile controllerName="Error"/>
        <controllerFile controllerName="Informations">
          <actionMethod actionName="index"/>
        </controllerFile>
      </controllersDirectory>
      <formsDirectory enabled="false"/>
      <layoutsDirectory enabled="false"/>
      <modelsDirectory/>
      <modulesDirectory>
        <moduleDirectory moduleName="mymodule">
          <apisDirectory enabled="false"/>
          <configsDirectory enabled="false"/>
          <controllersDirectory/>
          <formsDirectory enabled="false"/>
          <layoutsDirectory enabled="false"/>
          <modelsDirectory/>
          <viewsDirectory>
            <viewScriptsDirectory/>
            <viewHelpersDirectory/>
            <viewFiltersDirectory/>
          </viewsDirectory>
        </moduleDirectory>
        <moduleDirectory moduleName="service">
          <apisDirectory enabled="false"/>
          <configsDirectory enabled="false"/>
          <controllersDirectory>
            <controllerFile controllerName="Informations">
              <actionMethod actionName="index"/>
              <actionMethod actionName="list"/>
              <actionMethod actionName="listbyid"/>
              <actionMethod actionName="listbytime"/>
              <actionMethod actionName="top"/>
              <actionMethod actionName="count"/>
              <actionMethod actionName="send"/>
              <actionMethod actionName="done"/>
              <actionMethod actionName="read"/>
            </controllerFile>
          </controllersDirectory>
          <formsDirectory enabled="false"/>
          <layoutsDirectory enabled="false"/>
          <modelsDirectory>
            <modelFile modelName="Notifications"/>
          </modelsDirectory>
          <viewsDirectory>
            <viewScriptsDirectory>
              <viewControllerScriptsDirectory forControllerName="Informations">
                <viewScriptFile forActionName="index"/>
              </viewControllerScriptsDirectory>
              <viewControllerScriptsDirectory forControllerName="Informations">
                <viewScriptFile forActionName="list"/>
              </viewControllerScriptsDirectory>
              <viewControllerScriptsDirectory forControllerName="Informations">
                <viewScriptFile forActionName="listbyid"/>
              </viewControllerScriptsDirectory>
              <viewControllerScriptsDirectory forControllerName="Informations">
                <viewScriptFile forActionName="listbytime"/>
              </viewControllerScriptsDirectory>
              <viewControllerScriptsDirectory forControllerName="Informations">
                <viewScriptFile forActionName="top"/>
              </viewControllerScriptsDirectory>
              <viewControllerScriptsDirectory forControllerName="Informations">
                <viewScriptFile forActionName="count"/>
              </viewControllerScriptsDirectory>
              <viewControllerScriptsDirectory forControllerName="Informations">
                <viewScriptFile forActionName="send"/>
              </viewControllerScriptsDirectory>
              <viewControllerScriptsDirectory forControllerName="Informations">
                <viewScriptFile forActionName="done"/>
              </viewControllerScriptsDirectory>
              <viewControllerScriptsDirectory forControllerName="Informations">
                <viewScriptFile forActionName="read"/>
              </viewControllerScriptsDirectory>
            </viewScriptsDirectory>
            <viewHelpersDirectory/>
            <viewFiltersDirectory/>
          </viewsDirectory>
        </moduleDirectory>
        <moduleDirectory moduleName="admin">
          <apisDirectory enabled="false"/>
          <configsDirectory enabled="false"/>
          <controllersDirectory>
            <controllerFile controllerName="Index">
              <actionMethod actionName="index"/>
            </controllerFile>
          </controllersDirectory>
          <formsDirectory enabled="false"/>
          <layoutsDirectory enabled="false"/>
          <modelsDirectory/>
          <viewsDirectory>
            <viewScriptsDirectory>
              <viewControllerScriptsDirectory forControllerName="Index">
                <viewScriptFile forActionName="index"/>
              </viewControllerScriptsDirectory>
            </viewScriptsDirectory>
            <viewHelpersDirectory/>
            <viewFiltersDirectory/>
          </viewsDirectory>
        </moduleDirectory>
      </modulesDirectory>
      <viewsDirectory>
        <viewScriptsDirectory>
          <viewControllerScriptsDirectory forControllerName="Index">
            <viewScriptFile forActionName="index"/>
          </viewControllerScriptsDirectory>
          <viewControllerScriptsDirectory forControllerName="Error">
            <viewScriptFile forActionName="error"/>
          </viewControllerScriptsDirectory>
          <viewControllerScriptsDirectory forControllerName="Informations">
            <viewScriptFile forActionName="index"/>
          </viewControllerScriptsDirectory>
          <viewControllerScriptsDirectory forControllerName="Index">
            <viewScriptFile forActionName="first"/>
          </viewControllerScriptsDirectory>
        </viewScriptsDirectory>
        <viewHelpersDirectory/>
        <viewFiltersDirectory enabled="false"/>
      </viewsDirectory>
      <bootstrapFile filesystemName="Bootstrap.php"/>
    </applicationDirectory>
    <dataDirectory enabled="false">
      <cacheDirectory enabled="false"/>
      <searchIndexesDirectory enabled="false"/>
      <localesDirectory enabled="false"/>
      <logsDirectory enabled="false"/>
      <sessionsDirectory enabled="false"/>
      <uploadsDirectory enabled="false"/>
    </dataDirectory>
    <docsDirectory>
      <file filesystemName="README.txt"/>
    </docsDirectory>
    <libraryDirectory>
      <zfStandardLibraryDirectory enabled="false"/>
    </libraryDirectory>
    <publicDirectory>
      <publicStylesheetsDirectory enabled="false"/>
      <publicScriptsDirectory enabled="false"/>
      <publicImagesDirectory enabled="false"/>
      <publicIndexFile filesystemName="index.php"/>
      <htaccessFile filesystemName=".htaccess"/>
    </publicDirectory>
    <projectProvidersDirectory enabled="false"/>
    <temporaryDirectory enabled="false"/>
    <testsDirectory>
      <testPHPUnitConfigFile filesystemName="phpunit.xml"/>
      <testApplicationDirectory>
        <testApplicationBootstrapFile filesystemName="bootstrap.php"/>
        <testApplicationControllerDirectory>
          <testApplicationControllerFile filesystemName="InformationsControllerTest.php"/>
          <testApplicationControllerFile filesystemName="InformationsControllerTest.php"/>
          <testApplicationControllerFile filesystemName="IndexControllerTest.php"/>
        </testApplicationControllerDirectory>
      </testApplicationDirectory>
      <testLibraryDirectory>
        <testLibraryBootstrapFile filesystemName="bootstrap.php"/>
      </testLibraryDirectory>
    </testsDirectory>
  </projectDirectory>
</projectProfile>
